entry_id,yes_parents,yes_children,christian_parents,christian_children,n_children,n_parents,answer_value
174,0.5,0.33,0.2,0.67,6.0,10.0,1.0
182,0.5,1.0,0.1,1.0,2.0,10.0,1.0
184,0.38,1.0,0.0,0.0,5.0,8.0,1.0
196,0.44,1.0,0.0,1.0,3.0,9.0,1.0
212,0.0,0.0,0.0,0.0,5.0,1.0,0.0
217,0.5,,0.0,,,6.0,0.0
224,0.0,1.0,0.0,1.0,1.0,1.0,0.0
231,0.25,0.67,0.0,0.0,3.0,4.0,0.0
300,0.0,0.0,0.0,0.18,11.0,3.0,0.0
308,0.0,0.0,0.0,0.0,4.0,7.0,0.0
342,0.3,0.57,0.13,0.71,7.0,23.0,1.0
354,0.0,,0.0,,,6.0,0.0
355,0.3,0.5,0.13,1.0,2.0,23.0,1.0
358,0.29,,0.0,,,7.0,1.0
361,0.0,1.0,0.0,0.0,2.0,9.0,0.0
381,0.22,1.0,0.0,0.0,1.0,9.0,1.0
383,0.17,0.2,0.0,0.2,5.0,6.0,0.0
424,0.0,0.0,0.1,0.0,3.0,21.0,0.0
439,0.58,0.35,0.08,0.0,20.0,12.0,0.0
440,0.2,0.0,0.0,0.0,2.0,5.0,1.0
442,0.62,0.67,0.5,0.67,3.0,8.0,1.0
455,0.0,,0.0,,,2.0,1.0
470,0.0,0.0,0.0,0.0,1.0,2.0,0.0
472,0.43,0.25,0.0,0.12,8.0,14.0,0.0
476,0.0,,0.0,,,1.0,1.0
492,0.0,0.34,0.04,0.36,58.0,24.0,0.0
562,0.2,0.0,0.0,0.0,3.0,5.0,1.0
592,0.29,0.25,0.0,0.25,4.0,7.0,0.0
624,0.29,,0.14,,,7.0,1.0
629,0.29,0.0,0.0,0.0,1.0,7.0,0.0
632,0.0,,0.0,,,1.0,0.0
633,0.2,0.67,0.0,0.67,3.0,10.0,0.0
639,0.62,,0.0,,,8.0,1.0
645,0.25,0.25,0.0,0.0,4.0,4.0,1.0
654,0.86,1.0,0.64,0.0,1.0,14.0,1.0
661,1.0,1.0,1.0,1.0,1.0,1.0,1.0
676,0.83,1.0,0.67,0.33,6.0,12.0,1.0
681,0.0,0.0,0.0,0.0,1.0,2.0,0.0
714,0.25,0.0,0.0,0.0,1.0,4.0,0.0
788,0.0,,0.0,,,1.0,0.0
841,0.5,0.17,0.0,0.0,6.0,10.0,0.0
843,0.44,0.64,0.33,0.57,14.0,9.0,1.0
854,0.0,1.0,0.0,1.0,1.0,1.0,0.0
859,0.39,0.6,0.17,0.73,15.0,18.0,0.0
888,0.0,,0.0,,,2.0,1.0
896,0.0,0.0,0.0,0.0,1.0,1.0,0.0
914,0.75,1.0,0.35,0.17,6.0,20.0,1.0
918,0.0,0.09,0.0,0.0,11.0,2.0,0.0
925,0.0,0.67,0.25,0.67,3.0,4.0,0.0
926,0.64,0.22,0.09,0.0,9.0,11.0,0.0
927,0.23,0.5,0.08,0.67,6.0,13.0,0.0
929,0.44,0.4,0.06,0.1,10.0,18.0,0.0
931,1.0,,0.67,,,3.0,1.0
933,0.35,0.78,0.22,0.51,45.0,23.0,0.0
940,0.1,0.5,0.05,0.7,10.0,20.0,1.0
946,0.69,0.27,0.0,0.07,15.0,13.0,0.0
948,0.8,0.33,0.4,0.67,3.0,5.0,1.0
957,0.0,0.4,0.0,0.0,5.0,1.0,0.0
958,1.0,1.0,1.0,1.0,2.0,3.0,1.0
960,0.45,0.18,0.0,0.09,11.0,11.0,0.0
963,0.82,1.0,0.41,0.5,8.0,17.0,1.0
965,0.5,0.75,0.5,0.75,4.0,8.0,1.0
966,0.29,0.67,0.07,0.0,3.0,14.0,1.0
970,0.05,0.51,0.05,0.64,45.0,20.0,1.0
971,0.33,0.33,0.0,0.08,12.0,3.0,0.0
972,0.46,0.59,0.21,0.09,66.0,24.0,1.0
974,0.75,,0.75,,,4.0,1.0
976,0.33,0.0,0.0,0.0,2.0,3.0,0.0
977,0.33,0.56,0.07,0.11,9.0,27.0,0.0
980,0.33,,0.0,,,3.0,0.0
983,0.43,0.33,0.0,0.06,18.0,7.0,1.0
984,1.0,1.0,1.0,1.0,2.0,2.0,1.0
993,0.0,0.64,0.0,0.5,14.0,1.0,1.0
994,0.5,0.8,0.5,0.8,5.0,8.0,1.0
997,0.0,,0.0,,,1.0,0.0
1004,0.67,0.71,0.0,0.71,7.0,3.0,0.0
1006,0.0,,0.0,,,1.0,0.0
1008,0.0,,0.0,,,1.0,0.0
1012,0.5,0.83,0.75,0.0,6.0,4.0,1.0
1013,0.0,1.0,0.0,1.0,1.0,8.0,1.0
1024,0.57,0.33,0.0,0.33,3.0,7.0,1.0
1043,1.0,,1.0,,,1.0,1.0
1044,0.0,,0.0,,,5.0,0.0
1051,0.0,,0.0,,,1.0,0.0
1069,0.0,,0.0,,,1.0,0.0
1075,0.42,,0.0,,,12.0,1.0
1076,0.25,,0.25,,,4.0,1.0
1077,0.0,,0.0,,,3.0,0.0
1087,0.5,1.0,0.75,0.8,5.0,4.0,1.0
1098,0.0,0.21,0.0,0.0,14.0,2.0,0.0
1124,0.0,,0.0,,,1.0,0.0
1129,0.0,0.67,0.0,0.42,12.0,1.0,0.0
1140,0.14,0.89,0.0,0.0,9.0,7.0,0.0
1149,0.62,0.62,0.0,0.12,8.0,13.0,1.0
1158,0.14,0.83,0.0,0.0,6.0,7.0,0.0
1162,0.44,0.7,0.0,0.0,10.0,9.0,1.0
1172,0.5,0.8,0.0,0.0,5.0,10.0,1.0
1183,0.0,0.0,0.0,0.0,1.0,3.0,0.0
1189,0.0,0.0,0.0,0.0,1.0,1.0,0.0
1191,0.33,0.75,0.0,0.62,8.0,3.0,1.0
1248,0.0,0.0,0.0,0.0,4.0,2.0,0.0
1258,0.0,0.0,0.0,0.14,7.0,3.0,0.0
1259,0.37,0.57,0.0,0.14,7.0,19.0,0.0
1265,0.0,0.11,0.0,0.0,9.0,2.0,0.0
1268,0.0,1.0,0.33,1.0,1.0,3.0,1.0
1269,0.14,0.92,0.0,0.0,12.0,7.0,1.0
1283,1.0,,1.0,,,1.0,0.0
1284,0.0,0.0,0.0,0.11,9.0,3.0,0.0
1290,0.18,0.38,0.09,0.38,8.0,11.0,0.0
1294,0.0,0.0,0.0,0.0,1.0,8.0,0.0
1295,0.57,0.75,0.43,0.75,4.0,7.0,1.0
1297,0.0,0.75,0.0,0.0,20.0,4.0,0.0
1308,0.0,0.67,0.0,0.67,3.0,1.0,0.0
1309,0.6,0.83,0.6,0.83,6.0,10.0,1.0
1322,0.43,,0.52,,,23.0,0.0
1324,0.0,0.58,0.0,0.06,36.0,7.0,1.0
1333,0.35,0.65,0.26,0.83,23.0,23.0,1.0
1335,1.0,,1.0,,,4.0,1.0
1337,0.0,0.0,0.0,0.0,1.0,4.0,0.0
1338,0.64,1.0,0.64,0.75,4.0,11.0,1.0
1349,0.5,0.44,0.06,0.11,9.0,16.0,0.0
1352,0.0,,0.0,,,2.0,0.0
1356,0.6,,0.53,,,15.0,1.0
1357,0.29,0.61,0.14,0.78,18.0,21.0,1.0
1367,0.33,0.5,0.17,0.62,16.0,12.0,0.0
1374,1.0,1.0,1.0,0.75,4.0,4.0,1.0
1375,0.0,0.0,0.0,0.0,12.0,4.0,0.0
1387,0.0,,0.0,,,4.0,0.0
1401,0.54,,0.38,,,13.0,0.0
1426,0.4,,0.0,,,15.0,1.0
1429,0.0,0.0,0.0,0.0,7.0,3.0,0.0
1471,0.0,0.2,0.12,0.0,10.0,17.0,0.0
1484,0.0,0.21,0.0,0.14,29.0,1.0,0.0
1529,0.45,,0.45,,,11.0,1.0
1534,0.0,0.55,0.0,0.11,65.0,7.0,0.0
1540,0.33,0.0,0.17,0.0,4.0,6.0,0.0
1544,1.0,,1.0,,,2.0,1.0
1546,0.22,0.2,0.11,0.0,5.0,9.0,0.0
1560,0.5,0.67,0.25,0.33,3.0,4.0,0.0
1573,0.33,,0.5,,,6.0,1.0
1574,0.0,0.0,0.0,0.0,5.0,4.0,0.0
1576,0.0,0.15,0.12,0.08,13.0,8.0,0.0
1581,0.0,0.3,0.17,0.26,23.0,12.0,0.0
1582,0.1,0.5,0.05,0.66,44.0,21.0,1.0
1589,0.21,,0.07,,,14.0,0.0
1595,0.0,,0.0,,,4.0,0.0
1607,1.0,0.67,1.0,0.0,3.0,1.0,1.0
1624,0.0,0.0,0.0,0.0,2.0,7.0,0.0
1628,0.58,0.71,0.25,0.29,7.0,12.0,1.0
1650,0.89,,0.22,,,9.0,1.0
1652,0.43,,0.43,,,7.0,1.0
1653,0.67,0.0,0.33,0.67,3.0,6.0,1.0
1657,0.67,,0.5,,,6.0,0.0
1659,0.8,0.0,0.4,1.0,1.0,5.0,0.0
1661,0.0,0.17,0.0,0.0,12.0,4.0,0.0
1664,0.86,1.0,0.43,1.0,1.0,7.0,0.0
1677,0.0,0.0,0.0,0.0,3.0,3.0,0.0
1683,0.0,0.0,0.14,0.12,8.0,7.0,0.0
1689,0.6,,0.4,,,5.0,1.0
1695,0.0,0.53,0.0,0.03,34.0,4.0,0.0
1697,0.56,0.84,0.44,0.34,32.0,16.0,1.0
1701,1.0,1.0,1.0,1.0,5.0,2.0,1.0
1708,1.0,0.6,0.0,0.4,5.0,1.0,1.0
1709,1.0,1.0,0.33,0.44,9.0,6.0,1.0
1735,0.71,0.78,0.14,0.0,9.0,14.0,0.0
1737,0.5,0.76,0.5,0.12,25.0,8.0,0.0
1759,1.0,0.88,0.44,0.12,8.0,9.0,1.0
1763,0.24,1.0,0.03,0.4,5.0,29.0,0.0
1774,1.0,,0.2,,,5.0,1.0
1778,0.31,0.81,0.25,0.48,27.0,16.0,0.0
1785,0.75,,0.75,,,4.0,1.0
1791,0.67,0.5,0.17,0.5,2.0,6.0,0.0
1816,0.33,0.7,0.0,0.1,10.0,6.0,0.0
1847,0.0,0.0,0.0,0.0,2.0,1.0,0.0
1855,0.0,0.0,0.0,0.0,8.0,7.0,0.0
1871,0.0,0.0,0.0,0.0,2.0,5.0,0.0
1898,0.0,0.0,0.0,0.0,4.0,7.0,0.0
1903,0.6,0.68,0.25,0.09,34.0,20.0,1.0
1908,0.0,0.0,0.0,0.0,1.0,1.0,1.0
1924,0.0,0.33,0.12,0.0,6.0,8.0,0.0
1976,0.6,,0.4,,,5.0,1.0
1983,0.48,0.8,0.48,0.8,5.0,21.0,1.0
1989,0.0,0.78,0.0,0.56,9.0,1.0,0.0
1993,0.0,0.64,0.0,0.5,14.0,3.0,0.0
1997,0.29,1.0,0.0,0.0,5.0,7.0,1.0
1998,0.64,0.5,0.0,0.12,8.0,14.0,1.0
2001,0.0,0.0,0.12,0.0,3.0,8.0,0.0
2016,0.64,0.78,0.36,0.22,9.0,14.0,1.0
2023,0.71,1.0,0.57,0.25,4.0,7.0,1.0
2025,1.0,1.0,0.0,0.17,6.0,1.0,1.0
2031,0.67,1.0,0.67,0.0,3.0,6.0,1.0
2038,0.4,1.0,0.6,1.0,6.0,5.0,1.0
2039,0.0,0.21,0.0,0.17,24.0,5.0,0.0
2055,0.0,0.0,0.0,0.0,6.0,6.0,0.0
2057,0.0,,0.0,,,1.0,0.0
2071,0.25,0.0,0.08,0.5,2.0,12.0,0.0
2075,0.9,1.0,0.5,0.0,2.0,10.0,1.0
2078,0.67,,0.33,,,6.0,1.0
2080,0.23,0.68,0.08,0.5,28.0,13.0,0.0
2081,0.25,0.31,0.12,0.31,13.0,8.0,0.0
2086,1.0,,1.0,,,1.0,1.0
2087,0.4,1.0,0.4,0.0,3.0,10.0,1.0
2092,0.82,1.0,0.27,0.0,1.0,11.0,1.0
2101,1.0,1.0,0.0,0.67,3.0,3.0,1.0
2118,0.36,0.86,0.27,0.43,21.0,11.0,0.0
2128,0.5,1.0,1.0,0.55,22.0,4.0,1.0
2140,0.44,0.5,0.44,0.5,2.0,9.0,0.0
2143,1.0,,0.5,,,6.0,1.0
2147,1.0,1.0,0.33,0.2,5.0,6.0,1.0
2149,0.38,0.87,0.38,0.61,23.0,13.0,0.0
2155,0.58,1.0,0.0,0.0,2.0,12.0,1.0
2170,0.75,1.0,0.25,1.0,4.0,4.0,1.0
2177,0.17,0.33,0.08,0.0,3.0,12.0,0.0
2181,0.2,0.3,0.1,0.3,10.0,10.0,0.0
2187,0.0,0.0,0.17,0.14,7.0,6.0,0.0
2190,0.0,0.36,0.1,0.36,22.0,10.0,0.0
2191,0.0,,0.0,,,5.0,0.0
2232,1.0,,1.0,,,1.0,1.0
2236,0.5,1.0,0.42,0.0,1.0,12.0,1.0
2243,0.67,0.35,0.0,0.12,17.0,12.0,1.0
2245,0.0,1.0,1.0,0.5,4.0,1.0,1.0
2246,0.67,1.0,0.33,0.08,12.0,3.0,1.0
2247,0.0,1.0,1.0,0.0,1.0,1.0,1.0
2255,0.33,1.0,0.0,1.0,1.0,15.0,1.0
2258,0.6,1.0,0.47,0.0,2.0,15.0,1.0
2262,0.67,,0.44,,,9.0,1.0
2263,0.91,0.67,0.18,0.0,3.0,11.0,0.0
2264,1.0,1.0,1.0,1.0,1.0,1.0,1.0
2265,0.0,0.8,1.0,0.2,10.0,1.0,1.0
2272,0.82,0.5,0.18,0.0,4.0,11.0,1.0
2273,0.39,1.0,0.0,0.0,1.0,18.0,0.0
2280,0.0,0.0,0.0,0.0,1.0,6.0,0.0
2285,0.0,0.0,0.0,0.0,1.0,6.0,0.0
2290,1.0,1.0,0.5,0.0,4.0,6.0,0.0
2297,1.0,1.0,0.75,1.0,8.0,4.0,1.0
2299,0.56,0.5,0.11,0.5,2.0,9.0,1.0
2308,0.5,,0.5,,,2.0,1.0
2313,0.5,0.5,0.0,0.1,20.0,8.0,1.0
2322,0.58,0.71,0.32,0.29,7.0,19.0,1.0
2339,1.0,,0.0,,,1.0,0.0
2348,0.0,0.0,0.0,0.15,13.0,1.0,0.0
2362,0.57,0.45,0.19,0.18,11.0,21.0,1.0
2365,1.0,1.0,0.17,0.0,1.0,6.0,1.0
2368,0.5,0.6,0.5,0.2,5.0,4.0,1.0
23,,0.0,,0.0,1.0,,0.0
230,,0.0,,0.0,26.0,,0.0
422,,0.56,,0.44,16.0,,0.0
485,,0.67,,0.67,3.0,,0.0
738,,0.22,,0.25,36.0,,0.0
775,,0.46,,0.05,39.0,,0.0
852,,0.5,,0.5,2.0,,0.0
885,,0.0,,0.0,1.0,,1.0
937,,0.6,,0.47,15.0,,0.0
978,,0.5,,0.0,2.0,,1.0
1227,,0.33,,0.33,3.0,,0.0
1626,,0.0,,0.0,5.0,,0.0
1810,,0.0,,0.0,1.0,,0.0
2009,,0.56,,0.22,9.0,,0.0
